,station_id,unleaded,super_unleaded,diesel,premium_diesel,station_unleaded_date,station_super_unleaded_date,station_diesel_date,station_premium_diesel_date
0,25918,151.9,164.9,153.9,169.9,13.10.2021,13.10.2021,13.10.2021,13.10.2021
1,9635,140.9,,144.9,,17.10.2021,,17.10.2021,
2,880,135.9,142.9,138.9,,17.10.2021,13.10.2021,13.10.2021,
3,883,142.9,,145.9,159.9,13.10.2021,,13.10.2021,13.10.2021
4,186,137.9,,141.9,,16.10.2021,,16.10.2021,
5,7027,139.9,,143.9,,13.10.2021,,13.10.2021,
6,1321,,,146.9,165.9,,,14.10.2021,13.10.2021
7,184,,,141.9,,,,14.10.2021,
8,185,139.9,,143.9,,13.10.2021,,14.10.2021,
9,188,139.9,,143.9,,13.10.2021,,14.10.2021,
10,5174,141.9,153.9,141.9,152.9,13.10.2021,13.10.2021,14.10.2021,13.10.2021
11,5173,141.9,153.9,142.9,153.9,13.10.2021,13.10.2021,14.10.2021,13.10.2021
12,1314,141.9,153.9,143.9,157.9,15.10.2021,13.10.2021,13.10.2021,13.10.2021
13,1395,141.9,155.9,143.9,156.9,13.10.2021,13.10.2021,13.10.2021,13.10.2021
14,1394,141.9,,,155.9,13.10.2021,,,13.10.2021
15,1312,134.9,141.9,140.9,,15.10.2021,15.10.2021,15.10.2021,
16,2577,137.9,,139.9,,13.10.2021,,13.10.2021,
17,17578,144.9,,147.9,,14.10.2021,,14.10.2021,
18,1398,141.9,,142.9,155.9,15.10.2021,,13.10.2021,13.10.2021
19,1325,136.9,138.9,144.9,,12.10.2021,14.10.2021,13.10.2021,
20,26275,136.7,,139.7,,14.10.2021,,14.10.2021,
21,7669,139.9,,143.9,,16.10.2021,,17.10.2021,
22,1390,139.9,,140.9,,16.10.2021,,18.10.2021,
23,179,144.9,,147.9,159.9,15.10.2021,,15.10.2021,15.10.2021
24,1400,146.9,161.9,148.9,,16.10.2021,13.10.2021,16.10.2021,
25,1354,142.9,,145.9,,16.10.2021,,16.10.2021,
26,1869,139.9,143.9,140.9,,16.10.2021,16.10.2021,16.10.2021,
27,862,139.9,139.9,143.9,,13.10.2021,14.10.2021,14.10.2021,
28,18219,137.9,,139.9,,17.10.2021,,17.10.2021,
29,881,,159.9,146.9,,,13.10.2021,14.10.2021,
30,9634,,,,,,,,
31,1317,140.9,,144.9,,15.10.2021,,15.10.2021,
32,1311,,,142.9,,,,14.10.2021,
33,3895,142.9,,144.9,157.9,13.10.2021,,13.10.2021,13.10.2021
34,1319,138.9,,141.9,,13.10.2021,,13.10.2021,
35,183,138.9,,141.9,156.9,13.10.2021,,13.10.2021,17.10.2021
36,1315,141.9,,145.9,,15.10.2021,,13.10.2021,
37,3049,139.9,,143.9,,13.10.2021,,14.10.2021,
38,5527,,139.9,143.9,,,13.10.2021,14.10.2021,
39,9606,139.9,139.9,142.9,,13.10.2021,14.10.2021,13.10.2021,
40,1397,140.9,,142.9,,15.10.2021,,15.10.2021,
41,5866,,,,,,,,
42,5248,134.9,138.9,138.9,,13.10.2021,12.10.2021,13.10.2021,
43,6978,,,143.9,157.9,,,13.10.2021,13.10.2021
44,1306,139.9,,143.9,,13.10.2021,,13.10.2021,
45,6228,141.9,,141.9,150.9,18.10.2021,,18.10.2021,13.10.2021
46,1209,144.9,,148.9,,15.10.2021,,14.10.2021,
47,1818,,,,160.9,,,,12.10.2021
48,1819,,,145.9,,,,14.10.2021,
49,190,141.9,,145.9,,17.10.2021,,17.10.2021,
50,26230,136.7,,140.7,,17.10.2021,,17.10.2021,
51,1825,145.9,155.9,145.9,159.9,18.10.2021,13.10.2021,13.10.2021,13.10.2021
52,1402,139.9,,139.9,,15.10.2021,,15.10.2021,
53,1388,141.9,,142.9,,13.10.2021,,13.10.2021,
54,1387,141.9,,142.9,,14.10.2021,,14.10.2021,
55,1389,141.9,,145.9,159.9,13.10.2021,,13.10.2021,13.10.2021
56,1386,141.9,,142.9,,16.10.2021,,16.10.2021,
57,1355,140.0,,143.9,,13.10.2021,,13.10.2021,
58,12511,136.9,140.9,138.9,,18.10.2021,18.10.2021,18.10.2021,
59,1421,143.9,,148.9,162.9,13.10.2021,,13.10.2021,13.10.2021
60,1419,,141.9,147.9,,,14.10.2021,14.10.2021,
61,1379,136.9,149.9,142.9,155.9,16.10.2021,16.10.2021,16.10.2021,16.10.2021
62,12514,138.9,143.9,140.9,,17.10.2021,11.10.2021,17.10.2021,
63,1828,139.9,153.9,143.9,158.9,13.10.2021,09.10.2021,14.10.2021,09.10.2021
64,1827,,,,,,,,
65,4431,141.9,,143.9,157.9,13.10.2021,,13.10.2021,13.10.2021
66,1821,145.9,,147.9,,16.10.2021,,16.10.2021,
67,1824,143.9,157.9,146.9,157.9,13.10.2021,13.10.2021,14.10.2021,13.10.2021
68,1823,144.9,,147.0,159.9,16.10.2021,,16.10.2021,13.10.2021
69,19,141.9,153.9,145.9,,16.10.2021,16.10.2021,16.10.2021,
70,1385,141.9,,142.9,,16.10.2021,,16.10.2021,
71,1830,,141.9,144.9,,,13.10.2021,14.10.2021,
72,1831,141.9,155.9,143.9,157.9,13.10.2021,13.10.2021,14.10.2021,13.10.2021
73,18,141.9,141.9,145.9,,13.10.2021,14.10.2021,14.10.2021,
74,172,137.9,143.9,139.9,,16.10.2021,11.10.2021,16.10.2021,
75,5579,,,149.9,,,,14.10.2021,
76,1,143.9,,145.9,,16.10.2021,,16.10.2021,
77,1414,144.9,,145.9,157.9,13.10.2021,,14.10.2021,13.10.2021
78,1110,137.9,147.9,141.9,149.9,16.10.2021,08.10.2021,16.10.2021,08.10.2021
79,17,141.9,,145.9,,13.10.2021,,14.10.2021,
80,1833,142.9,,145.9,,13.10.2021,,13.10.2021,
81,170,142.9,,145.9,159.9,16.10.2021,,16.10.2021,11.10.2021
82,23,,,143.9,154.9,,,14.10.2021,13.10.2021
83,176,143.9,,147.9,,13.10.2021,,13.10.2021,
84,1832,142.9,,144.9,165.9,17.10.2021,,14.10.2021,13.10.2021
85,4982,141.9,,144.9,,17.10.2021,,13.10.2021,
86,171,139.9,151.9,144.9,,13.10.2021,09.10.2021,14.10.2021,
87,7979,142.9,,144.9,153.9,16.10.2021,,16.10.2021,16.10.2021
88,1413,,,145.9,159.9,,,13.10.2021,13.10.2021
89,3,143.9,,146.9,,16.10.2021,,16.10.2021,
90,4,,,,,,,,
91,5,142.9,159.9,,165.9,13.10.2021,12.10.2021,,13.10.2021
92,9,143.9,,147.9,,17.10.2021,,17.10.2021,
93,4435,,,,,,,,
94,1116,139.9,,143.9,,13.10.2021,,13.10.2021,
95,1115,139.9,,144.9,165.9,13.10.2021,,13.10.2021,13.10.2021
96,1119,142.9,,144.9,,17.10.2021,,17.10.2021,
97,3669,,,,156.9,,,,13.10.2021
98,1109,139.9,,144.9,,16.10.2021,,16.10.2021,
99,7188,142.9,153.9,147.9,154.9,17.10.2021,11.10.2021,17.10.2021,11.10.2021
100,1114,142.9,,146.9,,15.10.2021,,15.10.2021,
101,1107,134.9,140.9,137.9,,16.10.2021,15.10.2021,16.10.2021,
102,1111,139.9,,154.0,,13.10.2021,,18.10.2021,
103,26017,138.7,,139.7,,18.10.2021,,18.10.2021,
104,1122,,,,,,,,
105,12366,141.9,,147.9,,18.10.2021,,18.10.2021,
106,7983,139.9,,147.9,147.9,17.10.2021,,17.10.2021,13.10.2021
107,1120,,,142.9,,,,14.10.2021,
108,1121,139.9,,,,17.10.2021,,,
109,11613,140.9,,146.9,,16.10.2021,,16.10.2021,
110,1126,138.9,,139.9,,13.10.2021,,13.10.2021,
111,12513,136.9,,142.9,,18.10.2021,,18.10.2021,
112,1864,136.9,144.9,141.9,154.9,13.10.2021,13.10.2021,13.10.2021,13.10.2021
113,10619,151.9,,156.9,167.9,17.10.2021,,17.10.2021,13.10.2021
114,1838,141.9,154.9,149.9,,18.10.2021,13.10.2021,18.10.2021,
115,5657,141.9,,147.9,,17.10.2021,,17.10.2021,
116,165,141.9,,148.9,,14.10.2021,,14.10.2021,
117,1863,147.9,,149.9,,14.10.2021,,14.10.2021,
118,1087,147.9,,149.9,,17.10.2021,,17.10.2021,
119,1084,143.9,,145.9,,13.10.2021,,13.10.2021,
120,1096,140.9,,144.9,,15.10.2021,,15.10.2021,
121,10620,,164.9,155.9,,,13.10.2021,14.10.2021,
122,164,139.9,,143.9,153.9,13.10.2021,,14.10.2021,13.10.2021
123,1089,142.9,156.9,144.9,158.9,14.10.2021,14.10.2021,14.10.2021,14.10.2021
124,169,,,143.9,165.9,,,13.10.2021,13.10.2021
125,163,144.9,,149.9,,18.10.2021,,18.10.2021,
126,1101,,,,,,,,
127,162,147.9,147.9,147.9,,17.10.2021,13.10.2021,17.10.2021,
128,1097,140.9,139.9,144.9,157.9,17.10.2021,14.10.2021,17.10.2021,13.10.2021
129,1091,147.9,,149.9,,14.10.2021,,14.10.2021,
130,168,139.9,139.9,145.9,165.9,18.10.2021,14.10.2021,18.10.2021,13.10.2021
131,2060,137.9,,141.9,,13.10.2021,,13.10.2021,
132,1095,,,141.9,154.9,,,13.10.2021,13.10.2021
133,17726,137.9,143.9,139.9,,14.10.2021,13.10.2021,14.10.2021,
134,4615,142.9,153.9,146.9,,15.10.2021,15.10.2021,15.10.2021,
135,17552,138.9,,139.9,,17.10.2021,,13.10.2021,
136,252,142.9,,147.9,,14.10.2021,,14.10.2021,
137,1092,143.9,,147.9,,13.10.2021,,13.10.2021,
138,3289,143.9,142.9,149.9,,18.10.2021,14.10.2021,18.10.2021,
139,1066,139.9,,145.9,,16.10.2021,,13.10.2021,
140,4627,142.9,149.9,148.9,,13.10.2021,13.10.2021,16.10.2021,
141,1064,139.9,146.9,141.9,,15.10.2021,15.10.2021,15.10.2021,
142,253,,142.9,147.9,,,13.10.2021,14.10.2021,
143,7250,,,,,,,,
144,1093,,,,,,,,
145,1094,,,,159.9,,,,13.10.2021
146,1070,140.9,,144.9,,13.10.2021,,13.10.2021,
147,8108,147.9,,148.9,,13.10.2021,,13.10.2021,
148,1067,140.9,147.9,143.9,159.9,16.10.2021,08.10.2021,14.10.2021,08.10.2021
149,11821,143.9,,145.9,,13.10.2021,,13.10.2021,
150,1073,140.9,140.9,141.9,,13.10.2021,14.10.2021,14.10.2021,
151,3268,143.9,159.9,149.9,165.9,15.10.2021,15.10.2021,15.10.2021,15.10.2021
152,7245,145.9,156.9,149.9,159.9,15.10.2021,13.10.2021,15.10.2021,15.10.2021
153,18185,139.9,,145.9,,15.10.2021,,15.10.2021,
154,12508,147.9,162.9,149.9,164.9,15.10.2021,13.10.2021,15.10.2021,13.10.2021
155,4147,144.9,,147.9,159.9,15.10.2021,,15.10.2021,15.10.2021
156,7540,144.9,,143.9,,18.10.2021,,13.10.2021,
157,9247,140.9,143.9,140.9,,17.10.2021,13.10.2021,13.10.2021,
158,1072,143.9,,145.9,,13.10.2021,,13.10.2021,
159,5654,143.9,,145.9,,18.10.2021,,15.10.2021,
160,5653,141.9,,146.9,165.9,13.10.2021,,13.10.2021,13.10.2021
161,3266,,142.9,147.9,,,14.10.2021,14.10.2021,
162,17457,142.9,,145.9,,13.10.2021,,13.10.2021,
163,4628,,,,,,,,
164,1063,142.9,,143.9,,16.10.2021,,14.10.2021,
165,18037,,,,,,,,
166,2734,142.9,,145.9,,13.10.2021,,14.10.2021,
167,3705,141.9,155.9,145.9,,18.10.2021,16.10.2021,18.10.2021,
168,1331,140.9,,144.9,154.9,13.10.2021,,14.10.2021,13.10.2021
169,1326,139.9,,143.9,165.9,13.10.2021,,13.10.2021,13.10.2021
170,1215,138.9,,140.0,,18.10.2021,,18.10.2021,
171,1236,145.9,,147.9,,13.10.2021,,13.10.2021,
172,1328,139.9,139.9,142.9,,14.10.2021,14.10.2021,14.10.2021,
173,1237,142.9,155.9,144.9,158.9,13.10.2021,13.10.2021,13.10.2021,13.10.2021
174,1327,139.9,153.9,142.9,,13.10.2021,13.10.2021,14.10.2021,
175,1210,139.9,,148.9,,16.10.2021,,16.10.2021,
176,1426,142.9,,146.9,159.9,18.10.2021,,18.10.2021,12.10.2021
177,1211,139.9,,149.9,,16.10.2021,,16.10.2021,
178,1427,139.9,,140.9,,18.10.2021,,18.10.2021,
179,17585,137.9,143.9,139.9,,15.10.2021,13.10.2021,15.10.2021,
180,1431,143.9,157.9,146.9,,13.10.2021,13.10.2021,13.10.2021,
181,1432,143.9,,146.9,165.9,13.10.2021,,14.10.2021,13.10.2021
182,1223,139.9,,148.9,,16.10.2021,,16.10.2021,
183,1216,,139.9,145.9,,,14.10.2021,14.10.2021,
184,1225,144.9,,147.9,,13.10.2021,,13.10.2021,
185,1230,141.9,,146.9,,13.10.2021,,13.10.2021,
186,197,,,144.9,158.9,,,13.10.2021,13.10.2021
187,12298,135.9,141.9,142.9,,18.10.2021,18.10.2021,18.10.2021,
188,1434,138.9,,142.9,,14.10.2021,,14.10.2021,
189,1218,131.9,140.9,138.9,,16.10.2021,14.10.2021,13.10.2021,
190,1226,143.9,,147.9,159.9,14.10.2021,,14.10.2021,12.10.2021
191,1895,137.9,143.9,139.9,,18.10.2021,13.10.2021,18.10.2021,
192,3331,,,147.9,,,,14.10.2021,
193,12295,144.9,,,,18.10.2021,,,
194,1227,144.9,,148.9,,18.10.2021,,18.10.2021,
195,17587,137.9,143.9,139.9,,15.10.2021,13.10.2021,15.10.2021,
196,1240,142.9,,147.9,,13.10.2021,,13.10.2021,
197,1436,143.9,156.9,146.9,159.9,15.10.2021,13.10.2021,13.10.2021,13.10.2021
198,199,143.9,,146.9,159.9,13.10.2021,,13.10.2021,13.10.2021
199,1207,137.9,,142.9,,13.10.2021,,13.10.2021,
200,1358,,142.9,146.9,,,14.10.2021,14.10.2021,
201,1366,143.9,143.9,146.9,,17.10.2021,14.10.2021,14.10.2021,
202,1365,136.9,144.9,143.9,,16.10.2021,16.10.2021,18.10.2021,
203,1363,144.9,158.9,146.9,159.9,18.10.2021,16.10.2021,18.10.2021,16.10.2021
204,1374,144.9,151.9,147.9,,17.10.2021,13.10.2021,13.10.2021,
205,1382,143.9,156.9,146.9,159.9,16.10.2021,16.10.2021,16.10.2021,16.10.2021
206,205,143.9,155.9,146.9,158.9,16.10.2021,16.10.2021,16.10.2021,16.10.2021
207,7254,142.9,,144.9,157.9,15.10.2021,,15.10.2021,14.10.2021
208,18398,138.9,,139.9,,13.10.2021,,13.10.2021,
209,80,140.9,,143.9,,14.10.2021,,14.10.2021,
210,208,136.9,,142.9,,17.10.2021,,17.10.2021,
211,1362,141.9,139.9,145.9,,18.10.2021,14.10.2021,18.10.2021,
212,1369,142.9,,143.9,156.9,13.10.2021,,13.10.2021,13.10.2021
213,8079,140.9,,144.9,,14.10.2021,,14.10.2021,
214,1423,142.9,,145.9,,18.10.2021,,18.10.2021,
215,81,,,,,,,,
216,8080,,139.9,,,,13.10.2021,,
217,1412,139.9,,,159.9,13.10.2021,,,12.10.2021
218,1870,135.9,,138.9,,15.10.2021,,15.10.2021,
219,1179,138.9,,141.9,155.9,13.10.2021,,13.10.2021,13.10.2021
220,1178,136.9,,141.9,,13.10.2021,,13.10.2021,
221,4578,141.9,,142.9,156.9,16.10.2021,,13.10.2021,13.10.2021
222,1184,141.9,153.9,142.9,,16.10.2021,13.10.2021,14.10.2021,
223,7241,139.9,,144.9,,13.10.2021,,13.10.2021,
224,1112,139.9,,142.9,156.9,13.10.2021,,13.10.2021,13.10.2021
225,1156,,153.9,142.9,153.9,,13.10.2021,13.10.2021,13.10.2021
226,1187,139.9,159.9,143.9,163.9,13.10.2021,13.10.2021,13.10.2021,13.10.2021
227,12483,140.9,,142.9,,13.10.2021,,13.10.2021,
228,219,138.8,145.9,141.8,,15.10.2021,13.10.2021,15.10.2021,
229,1867,137.8,,141.8,,15.10.2021,,15.10.2021,
230,1102,139.9,146.9,141.9,,18.10.2021,13.10.2021,18.10.2021,
231,1104,139.0,150.9,139.9,,13.10.2021,09.10.2021,13.10.2021,
232,1173,142.9,,145.9,165.9,13.10.2021,,14.10.2021,13.10.2021
233,1373,141.9,159.9,144.9,165.9,13.10.2021,13.10.2021,13.10.2021,13.10.2021
234,1157,137.0,,140.0,,13.10.2021,,13.10.2021,
235,1152,142.9,,145.9,,13.10.2021,,13.10.2021,
236,138,141.9,145.9,145.9,,18.10.2021,14.10.2021,18.10.2021,
237,137,141.9,155.9,143.9,157.9,13.10.2021,13.10.2021,13.10.2021,13.10.2021
238,140,141.9,142.9,145.9,,12.10.2021,13.10.2021,14.10.2021,
239,142,142.9,,145.9,,13.10.2021,,13.10.2021,
240,1171,,,144.9,,,,14.10.2021,
241,1170,142.9,,143.9,,13.10.2021,,16.10.2021,
242,1079,142.9,156.9,143.9,157.9,14.10.2021,14.10.2021,16.10.2021,14.10.2021
243,1129,139.9,146.9,141.9,,16.10.2021,16.10.2021,16.10.2021,
244,54,143.9,,145.9,,16.10.2021,,13.10.2021,
245,148,141.9,,147.9,,13.10.2021,,13.10.2021,
246,151,147.9,,149.0,,14.10.2021,,12.10.2021,
247,9188,139.9,,142.9,,16.10.2021,,16.10.2021,
248,1169,143.9,,145.9,,13.10.2021,,13.10.2021,
249,1172,143.9,,148.9,,16.10.2021,,16.10.2021,
250,224,142.9,,,165.9,13.10.2021,,,13.10.2021
251,1080,147.9,,149.9,,14.10.2021,,13.10.2021,
252,51,138.9,,141.9,,13.10.2021,,13.10.2021,
253,48,143.9,158.9,145.9,160.9,13.10.2021,13.10.2021,13.10.2021,13.10.2021
254,56,140.9,,143.9,,13.10.2021,,13.10.2021,
255,1082,,,144.9,,,,14.10.2021,
256,156,142.9,,147.9,,18.10.2021,,18.10.2021,
257,157,139.9,,144.9,,18.10.2021,,18.10.2021,
258,161,139.9,,144.9,153.9,18.10.2021,,18.10.2021,13.10.2021
259,1054,139.9,,144.9,,18.10.2021,,18.10.2021,
260,1055,136.9,,141.9,,13.10.2021,,13.10.2021,
261,8022,139.9,139.9,,,13.10.2021,14.10.2021,,
262,1039,137.9,151.9,141.9,,18.10.2021,18.10.2021,18.10.2021,
263,1038,138.9,,140.9,,14.10.2021,,14.10.2021,
264,1857,139.9,,143.9,165.9,13.10.2021,,13.10.2021,13.10.2021
265,1035,,,,,,,,
266,1037,137.9,151.9,139.9,153.9,13.10.2021,13.10.2021,13.10.2021,13.10.2021
267,17980,141.9,,144.9,165.9,14.10.2021,,14.10.2021,13.10.2021
268,217,137.9,,136.9,,13.10.2021,,13.10.2021,
269,216,139.9,,143.9,,16.10.2021,,16.10.2021,
270,213,136.9,,,,13.10.2021,,,
271,1060,139.9,159.9,141.9,,18.10.2021,18.10.2021,18.10.2021,
272,1034,136.9,,141.9,,13.10.2021,,13.10.2021,
273,1059,143.9,,145.9,,13.10.2021,,13.10.2021,
274,11857,,,,,,,,
275,1020,138.9,151.9,142.9,156.9,15.10.2021,13.10.2021,15.10.2021,13.10.2021
276,1025,137.9,151.9,141.9,,13.10.2021,13.10.2021,14.10.2021,
277,1024,133.9,140.9,136.9,,13.10.2021,14.10.2021,13.10.2021,
278,1005,143.9,,145.9,,13.10.2021,,13.10.2021,
279,1007,144.9,159.9,146.9,165.9,13.10.2021,13.10.2021,13.10.2021,13.10.2021
280,1021,143.9,,146.9,,13.10.2021,,13.10.2021,
281,1023,136.9,,141.9,,13.10.2021,,14.10.2021,
282,1022,142.9,,144.9,,13.10.2021,,13.10.2021,
283,1016,137.9,142.9,140.9,,16.10.2021,13.10.2021,16.10.2021,
284,1009,144.9,,146.9,,16.10.2021,,13.10.2021,
285,1008,143.9,,145.9,,13.10.2021,,13.10.2021,
286,130,139.9,,142.9,,13.10.2021,,14.10.2021,
287,132,,139.9,143.9,,,14.10.2021,14.10.2021,
288,127,139.9,,142.9,,13.10.2021,,14.10.2021,
289,129,139.9,,142.9,,16.10.2021,,16.10.2021,
290,17508,141.9,,143.9,157.9,13.10.2021,,13.10.2021,13.10.2021
291,125,143.9,,145.9,,16.10.2021,,13.10.2021,
292,1014,143.9,156.9,145.9,,16.10.2021,13.10.2021,13.10.2021,
293,25051,136.7,,139.7,,13.10.2021,,13.10.2021,
294,2241,139.9,139.9,143.9,153.9,13.10.2021,14.10.2021,14.10.2021,12.10.2021
295,1011,143.9,,146.9,,16.10.2021,,14.10.2021,
296,1012,143.9,,146.9,,16.10.2021,,13.10.2021,
297,18002,138.9,,140.9,,17.10.2021,,17.10.2021,
298,8871,136.9,140.9,138.9,,16.10.2021,16.10.2021,16.10.2021,
299,1559,144.9,,147.9,165.9,13.10.2021,,13.10.2021,13.10.2021
300,3706,141.9,,143.9,,13.10.2021,,13.10.2021,
301,1558,,144.9,149.9,,,13.10.2021,14.10.2021,
302,1270,135.9,142.9,138.9,,13.10.2021,13.10.2021,13.10.2021,
303,1271,,,143.9,,,,14.10.2021,
304,12283,,,,,,,,
305,1302,139.9,,142.9,,13.10.2021,,13.10.2021,
306,6591,,,,,,,,
307,26131,135.7,,137.7,,13.10.2021,,13.10.2021,
308,1291,135.9,,138.9,,13.10.2021,,13.10.2021,
309,1253,,,147.9,,,,13.10.2021,
310,1250,142.9,156.9,142.9,,13.10.2021,13.10.2021,14.10.2021,
311,1880,135.9,142.9,137.9,,13.10.2021,12.10.2021,13.10.2021,
312,1247,,,145.9,154.9,,,13.10.2021,13.10.2021
313,1266,141.9,141.9,,,13.10.2021,14.10.2021,,
314,1305,,,148.9,,,,13.10.2021,
315,1244,,,141.9,,,,13.10.2021,
316,1263,,,,,,,,
317,1260,,,144.9,,,,13.10.2021,
318,1275,139.9,,143.9,,13.10.2021,,13.10.2021,
319,1267,141.9,,145.9,,13.10.2021,,13.10.2021,
320,4673,139.9,,143.9,,13.10.2021,,13.10.2021,
321,698,141.9,,,,13.10.2021,,,
322,703,,149.0,145.9,159.9,,10.10.2021,13.10.2021,13.10.2021
323,1293,140.9,,144.9,,13.10.2021,,13.10.2021,
324,1294,,,147.9,,,,13.10.2021,
325,11533,,,147.9,,,,13.10.2021,
326,1258,142.9,,144.9,,17.10.2021,,17.10.2021,
327,1277,135.7,,137.7,,17.10.2021,,16.10.2021,
328,1278,137.9,,142.9,154.9,13.10.2021,,14.10.2021,13.10.2021
329,1252,137.9,144.9,138.9,,13.10.2021,13.10.2021,13.10.2021,
330,1251,139.9,,142.9,,13.10.2021,,13.10.2021,
331,1262,141.9,,145.9,,13.10.2021,,13.10.2021,
332,1276,139.9,149.9,142.9,152.9,15.10.2021,09.10.2021,15.10.2021,09.10.2021
333,1297,139.9,,142.9,,17.10.2021,,17.10.2021,
334,1332,,140.9,,,,13.10.2021,,
335,1299,138.9,151.0,142.9,,18.10.2021,17.10.2021,18.10.2021,
336,12324,142.9,,144.9,,13.10.2021,,13.10.2021,
337,632,141.9,,142.9,,15.10.2021,,13.10.2021,
338,18334,133.9,140.9,135.9,,17.10.2021,17.10.2021,17.10.2021,
339,1879,137.9,153.9,144.9,,13.10.2021,13.10.2021,14.10.2021,
340,1300,138.9,,141.9,,13.10.2021,,18.10.2021,
341,700,139.9,,,,13.10.2021,,,
342,26263,133.7,,136.7,,13.10.2021,,13.10.2021,
343,76,,,,,,,,
344,77,139.9,,142.9,,13.10.2021,,14.10.2021,
345,79,139.9,,144.9,,13.10.2021,,13.10.2021,
346,89,139.9,153.9,142.9,156.9,13.10.2021,13.10.2021,14.10.2021,13.10.2021
347,17619,139.9,,143.9,153.9,14.10.2021,,14.10.2021,13.10.2021
348,66,141.9,,143.9,157.9,13.10.2021,,13.10.2021,13.10.2021
349,97,,142.9,145.9,,,14.10.2021,14.10.2021,
350,68,,143.9,149.9,,,13.10.2021,14.10.2021,
351,73,139.9,,144.9,165.9,13.10.2021,,13.10.2021,13.10.2021
352,1721,139.9,153.9,144.9,157.9,13.10.2021,13.10.2021,13.10.2021,13.10.2021
353,1722,139.9,,144.9,156.9,13.10.2021,,14.10.2021,13.10.2021
354,72,139.9,,144.9,,13.10.2021,,13.10.2021,
355,1877,136.6,,138.7,,13.10.2021,,13.10.2021,
356,96,143.9,,145.9,159.9,13.10.2021,,13.10.2021,13.10.2021
357,1333,140.8,,,,13.10.2021,,,
358,1336,,,,,,,,
359,1334,134.9,,137.9,,13.10.2021,,13.10.2021,
360,87,141.9,142.9,146.9,,12.10.2021,14.10.2021,14.10.2021,
361,86,141.9,156.9,145.9,,13.10.2021,13.10.2021,14.10.2021,
362,1878,140.9,,144.9,,13.10.2021,,13.10.2021,
363,85,139.0,,142.9,,13.10.2021,,13.10.2021,
364,1707,138.9,,143.9,155.9,16.10.2021,,16.10.2021,13.10.2021
365,1893,141.9,,144.9,,12.10.2021,,12.10.2021,
366,1703,138.9,,143.9,,13.10.2021,,13.10.2021,
367,1698,,,147.9,,,,12.10.2021,
368,1710,139.9,,143.9,155.9,13.10.2021,,14.10.2021,13.10.2021
369,1712,142.9,,144.9,158.9,16.10.2021,,16.10.2021,13.10.2021
370,306,,,,,,,,
371,1530,143.9,157.9,145.9,,13.10.2021,13.10.2021,13.10.2021,
372,307,143.9,,145.9,,13.10.2021,,13.10.2021,
373,1717,,158.9,148.8,,,13.10.2021,13.10.2021,
374,310,143.9,,145.9,,17.10.2021,,17.10.2021,
375,1720,143.9,,146.9,159.9,13.10.2021,,13.10.2021,13.10.2021
376,301,,,,,,,,
377,309,143.9,158.9,144.9,,13.10.2021,15.10.2021,13.10.2021,
378,298,141.9,,142.9,,13.10.2021,,13.10.2021,
379,1718,136.9,,138.9,,13.10.2021,,13.10.2021,
380,1527,145.9,,149.9,,13.10.2021,,14.10.2021,
381,1891,,,,,,,,
382,1164,149.9,,,165.9,13.10.2021,,,13.10.2021
383,1529,145.9,,149.9,,13.10.2021,,13.10.2021,
384,1160,142.9,156.9,145.9,,13.10.2021,13.10.2021,13.10.2021,
385,1523,,159.9,149.9,165.9,,13.10.2021,13.10.2021,13.10.2021
386,1371,138.9,,140.9,,13.10.2021,,13.10.2021,
387,490,145.9,,149.9,,14.10.2021,,14.10.2021,
388,290,139.9,,143.9,156.9,13.10.2021,,13.10.2021,13.10.2021
389,1147,141.9,,144.9,158.9,13.10.2021,,13.10.2021,13.10.2021
390,296,138.9,152.9,143.9,155.9,13.10.2021,13.10.2021,14.10.2021,13.10.2021
391,12516,141.9,,146.9,,14.10.2021,,14.10.2021,
392,1158,141.9,,145.9,,13.10.2021,,13.10.2021,
393,1693,141.9,155.9,143.9,157.9,13.10.2021,13.10.2021,13.10.2021,13.10.2021
394,1150,,,145.9,,,,13.10.2021,
395,1146,142.9,150.9,146.9,,13.10.2021,13.10.2021,13.10.2021,
396,494,,144.9,148.9,,,14.10.2021,14.10.2021,
397,1692,144.9,,149.9,,16.10.2021,,16.10.2021,
398,8020,138.9,,143.9,,13.10.2021,,13.10.2021,
399,714,,,,,,,,
400,1135,142.9,,145.9,159.9,13.10.2021,,13.10.2021,13.10.2021
401,1139,142.9,153.9,146.9,,13.10.2021,09.10.2021,14.10.2021,
402,1140,136.9,,142.9,,13.10.2021,,13.10.2021,
403,1141,137.8,,141.8,,13.10.2021,,13.10.2021,
404,25,135.9,140.9,137.9,,13.10.2021,10.10.2021,13.10.2021,
405,41,137.8,,139.8,,13.10.2021,,13.10.2021,
406,1521,141.9,155.9,142.9,,13.10.2021,13.10.2021,13.10.2021,
407,26,136.7,,138.7,,18.10.2021,,13.10.2021,
408,1465,,,144.9,,,,14.10.2021,
409,1131,142.9,,145.9,,13.10.2021,,13.10.2021,
410,12529,,,143.9,,,,13.10.2021,
411,1489,141.9,,144.9,158.9,13.10.2021,,13.10.2021,13.10.2021
412,1871,138.9,,143.9,,13.10.2021,,13.10.2021,
413,1043,135.9,,137.9,,13.10.2021,,13.10.2021,
414,1460,135.7,,137.7,,13.10.2021,,14.10.2021,
415,29,143.9,143.9,147.9,,14.10.2021,14.10.2021,14.10.2021,
416,57,136.9,,141.9,,13.10.2021,,13.10.2021,
417,17622,136.7,,137.7,,13.10.2021,,13.10.2021,
418,64,,,147.9,,,,13.10.2021,
419,31,142.9,158.9,148.9,,14.10.2021,13.10.2021,14.10.2021,
420,593,141.9,,147.9,,17.10.2021,,17.10.2021,
421,1457,,143.9,145.9,158.9,,14.10.2021,14.10.2021,14.10.2021
422,603,139.9,,145.9,156.9,17.10.2021,,17.10.2021,13.10.2021
423,1045,,,,,,,,
424,43,,143.9,148.9,,,13.10.2021,14.10.2021,
425,46,142.9,142.9,147.9,,13.10.2021,14.10.2021,14.10.2021,
426,12527,155.7,,137.9,,17.10.2021,,13.10.2021,
427,1453,142.9,,149.9,,13.10.2021,,14.10.2021,
428,1467,143.9,155.9,145.9,,13.10.2021,13.10.2021,13.10.2021,
429,459,139.9,,,,13.10.2021,,,
430,457,138.9,,139.9,,13.10.2021,,13.10.2021,
431,1188,142.9,157.0,146.9,,13.10.2021,13.10.2021,13.10.2021,
432,1046,,,147.9,162.9,,,13.10.2021,13.10.2021
433,8905,135.7,,137.7,,13.10.2021,,13.10.2021,
434,1496,147.9,,149.9,,13.10.2021,,13.10.2021,
435,18410,134.0,146.9,136.9,,16.10.2021,17.10.2021,16.10.2021,
436,1028,,,141.9,,,,14.10.2021,
437,1534,146.9,161.9,148.9,,13.10.2021,13.10.2021,13.10.2021,
438,15846,133.6,,137.7,,13.10.2021,,17.10.2021,
439,996,,139.8,145.9,159.9,,14.10.2021,15.10.2021,15.10.2021
440,1520,141.9,155.9,141.9,152.9,13.10.2021,13.10.2021,14.10.2021,13.10.2021
441,1494,137.9,,139.9,,16.10.2021,,16.10.2021,
442,1031,139.9,,145.9,165.9,13.10.2021,,14.10.2021,13.10.2021
443,1032,139.9,153.9,144.9,157.9,13.10.2021,13.10.2021,13.10.2021,13.10.2021
444,1491,140.9,,145.9,,13.10.2021,,13.10.2021,
445,1516,141.9,,143.9,,14.10.2021,,14.10.2021,
446,1049,136.9,143.9,139.9,,16.10.2021,16.10.2021,16.10.2021,
447,1854,,139.9,143.9,,,14.10.2021,14.10.2021,
448,1040,137.9,,141.9,,13.10.2021,,13.10.2021,
449,1492,142.9,156.9,144.9,158.9,13.10.2021,13.10.2021,13.10.2021,13.10.2021
450,136,,,145.9,,,,13.10.2021,
451,1536,136.7,,135.7,,16.10.2021,,13.10.2021,
452,1538,139.9,,143.9,,12.10.2021,,13.10.2021,
453,1860,139.9,139.9,144.9,,13.10.2021,14.10.2021,14.10.2021,
454,1537,134.9,140.9,135.9,,13.10.2021,08.10.2021,13.10.2021,
455,1512,139.9,,144.9,,13.10.2021,,13.10.2021,
456,1499,,,,,,,,
457,25251,136.9,143.9,137.9,,13.10.2021,13.10.2021,13.10.2021,
458,135,,,145.9,,,,14.10.2021,
459,1544,147.9,,,,13.10.2021,,,
460,17542,138.9,,140.9,,13.10.2021,,13.10.2021,
461,999,144.0,153.9,141.9,,18.10.2021,12.10.2021,13.10.2021,
462,1000,141.9,,145.9,,13.10.2021,,13.10.2021,
463,1003,,141.9,146.9,,,13.10.2021,14.10.2021,
464,1553,,,,,,,,
465,1552,139.9,,141.9,,13.10.2021,,13.10.2021,
466,1551,139.9,,141.9,154.9,13.10.2021,,13.10.2021,13.10.2021
467,1564,141.9,,142.9,153.9,13.10.2021,,13.10.2021,13.10.2021
468,1547,136.9,143.9,137.9,,18.10.2021,18.10.2021,18.10.2021,
469,1563,136.7,,140.7,,18.10.2021,,18.10.2021,
470,1548,,,,,,,,
471,1554,147.9,,149.9,,13.10.2021,,13.10.2021,
472,314,140.0,,,,13.10.2021,,,
473,1555,143.9,,147.9,,13.10.2021,,14.10.2021,
474,312,,,145.9,,,,13.10.2021,
475,1570,142.9,,147.9,,13.10.2021,,14.10.2021,
476,1569,,,148.9,163.9,,,13.10.2021,13.10.2021
477,1560,136.9,143.9,138.9,,13.10.2021,13.10.2021,13.10.2021,
478,316,137.9,,141.9,,13.10.2021,,13.10.2021,
479,311,,,149.9,,,,13.10.2021,
480,10672,142.9,143.9,,165.9,13.10.2021,14.10.2021,,13.10.2021
481,3055,155.9,,164.9,174.9,13.10.2021,,14.10.2021,13.10.2021
482,9163,137.9,144.9,140.9,,16.10.2021,16.10.2021,16.10.2021,
483,26217,133.7,139.9,133.7,135.7,15.10.2021,11.10.2021,11.10.2021,15.10.2021
484,1576,139.9,,,,13.10.2021,,,
485,1578,142.9,,,,13.10.2021,,,
486,1575,,,149.9,,,,13.10.2021,
487,9164,136.9,143.9,138.9,,13.10.2021,13.10.2021,13.10.2021,
488,1580,147.9,,149.9,,13.10.2021,,13.10.2021,
489,1579,144.9,156.9,147.9,161.9,16.10.2021,16.10.2021,16.10.2021,16.10.2021
490,265,142.9,,146.9,158.9,13.10.2021,,14.10.2021,12.10.2021
491,3054,136.9,149.9,141.9,,13.10.2021,13.10.2021,13.10.2021,
492,1572,136.9,,138.9,,17.10.2021,,17.10.2021,
493,473,142.9,141.9,146.9,,15.10.2021,13.10.2021,15.10.2021,
494,272,142.9,,145.9,,13.10.2021,,13.10.2021,
495,269,140.9,,144.9,,13.10.2021,,13.10.2021,
496,274,,,,,,,,
497,606,138.9,,142.9,,17.10.2021,,17.10.2021,
498,1644,136.9,,136.9,,13.10.2021,,13.10.2021,
499,1643,137.9,,,,13.10.2021,,,
500,1662,138.9,,142.9,,13.10.2021,,14.10.2021,
501,1658,139.9,139.9,144.9,,14.10.2021,14.10.2021,17.10.2021,
502,1809,139.9,,139.9,,15.10.2021,,15.10.2021,
503,1808,144.9,,145.9,,14.10.2021,,13.10.2021,
504,1640,,,141.9,,,,13.10.2021,
505,1655,,,143.9,,,,13.10.2021,
506,1650,141.9,159.9,145.9,,16.10.2021,16.10.2021,16.10.2021,
507,633,,137.9,142.9,,,14.10.2021,14.10.2021,
508,584,135.9,,138.9,,17.10.2021,,17.10.2021,
509,630,137.9,137.9,142.9,,13.10.2021,14.10.2021,13.10.2021,
510,1881,139.9,,143.9,154.9,15.10.2021,,15.10.2021,13.10.2021
511,1639,137.9,,142.9,,13.10.2021,,13.10.2021,
512,17600,136.9,149.9,138.9,150.9,12.10.2021,09.10.2021,13.10.2021,12.10.2021
513,1638,137.9,,143.9,,13.10.2021,,14.10.2021,
514,1798,139.9,,141.9,,14.10.2021,,14.10.2021,
515,1804,139.9,,142.9,,13.10.2021,,13.10.2021,
516,585,134.9,148.9,136.9,151.9,16.10.2021,16.10.2021,16.10.2021,17.10.2021
517,1884,143.9,,146.9,158.9,15.10.2021,,15.10.2021,13.10.2021
518,1799,139.9,144.9,141.9,,18.10.2021,18.10.2021,18.10.2021,
519,1666,142.9,,144.9,,13.10.2021,,13.10.2021,
520,1353,135.8,,140.8,,13.10.2021,,13.10.2021,
521,4697,,,,,,,,
522,111,137.9,,143.9,,13.10.2021,,13.10.2021,
523,1681,142.9,142.9,146.9,,14.10.2021,14.10.2021,14.10.2021,
524,1340,147.9,,148.9,,13.10.2021,,13.10.2021,
525,1683,143.9,,145.9,,13.10.2021,,13.10.2021,
526,1682,143.9,157.9,146.9,158.9,13.10.2021,13.10.2021,14.10.2021,13.10.2021
527,106,136.9,,141.9,152.9,13.10.2021,,13.10.2021,13.10.2021
528,1674,,,141.9,,,,14.10.2021,
529,116,141.9,153.9,146.9,158.9,18.10.2021,13.10.2021,18.10.2021,13.10.2021
530,115,141.9,,145.9,,18.10.2021,,18.10.2021,
531,108,135.7,,137.7,,13.10.2021,,13.10.2021,
532,288,144.9,,147.9,,13.10.2021,,14.10.2021,
533,1341,141.9,,,,13.10.2021,,,
534,287,146.9,,148.9,160.9,13.10.2021,,13.10.2021,13.10.2021
535,1686,146.9,,148.9,160.9,13.10.2021,,13.10.2021,13.10.2021
536,1687,143.9,157.9,145.9,157.9,13.10.2021,13.10.2021,14.10.2021,13.10.2021
537,110,139.9,,144.9,165.9,13.10.2021,,13.10.2021,13.10.2021
538,101,141.9,,144.9,156.9,15.10.2021,,15.10.2021,13.10.2021
539,26054,135.7,,138.7,,14.10.2021,,14.10.2021,
540,104,139.9,,143.9,,16.10.2021,,16.10.2021,
541,1728,138.9,,141.9,,13.10.2021,,13.10.2021,
542,120,145.9,,148.9,160.9,16.10.2021,,16.10.2021,13.10.2021
543,122,145.9,157.9,149.9,,18.10.2021,13.10.2021,16.10.2021,
544,100,,,,,,,,
545,26018,136.7,,139.7,,18.10.2021,,18.10.2021,
546,1688,159.9,,164.9,,13.10.2021,,13.10.2021,
547,121,145.9,,149.9,,18.10.2021,,16.10.2021,
548,1345,142.9,,145.9,165.9,18.10.2021,,18.10.2021,13.10.2021
549,99,146.9,,147.9,,14.10.2021,,14.10.2021,
550,1727,,,143.9,,,,14.10.2021,
551,1751,139.9,153.9,,,13.10.2021,13.10.2021,,
552,1752,138.9,150.0,136.9,,16.10.2021,13.10.2021,14.10.2021,
553,1350,141.9,,142.9,156.9,14.10.2021,,14.10.2021,13.10.2021
554,1794,142.9,156.9,145.9,159.9,13.10.2021,13.10.2021,13.10.2021,13.10.2021
555,1349,138.9,,139.9,,16.10.2021,,16.10.2021,
556,26084,139.7,146.7,141.7,,16.10.2021,16.10.2021,16.10.2021,
557,1815,135.7,,139.7,,18.10.2021,,18.10.2021,
558,1689,139.9,137.9,143.9,165.9,16.10.2021,14.10.2021,16.10.2021,13.10.2021
559,1735,134.9,139.9,135.9,,18.10.2021,16.10.2021,16.10.2021,
560,1690,139.9,,143.9,,16.10.2021,,16.10.2021,
561,1696,,,,,,,,
562,1753,135.9,149.9,136.9,,13.10.2021,13.10.2021,13.10.2021,
563,1697,144.9,,153.9,165.9,13.10.2021,,13.10.2021,13.10.2021
564,1813,135.9,142.9,138.9,,13.10.2021,13.10.2021,13.10.2021,
565,1691,139.9,,143.9,,16.10.2021,,16.10.2021,
566,1744,139.9,,,,12.10.2021,,,
567,1747,141.9,155.9,142.9,154.9,13.10.2021,13.10.2021,14.10.2021,13.10.2021
568,1754,141.9,,138.9,,18.10.2021,,13.10.2021,
569,614,139.9,,142.9,,13.10.2021,,14.10.2021,
570,706,142.9,142.9,147.9,,17.10.2021,14.10.2021,17.10.2021,
571,712,141.9,,,,13.10.2021,,,
572,616,,,143.9,,,,13.10.2021,
573,1761,,,145.9,,,,14.10.2021,
574,1755,145.9,156.9,149.9,157.9,16.10.2021,13.10.2021,16.10.2021,13.10.2021
575,1739,,,146.9,,,,13.10.2021,
576,561,,,141.9,,,,14.10.2021,
577,711,,,146.9,160.9,,,13.10.2021,13.10.2021
578,1756,137.8,,140.8,,13.10.2021,,13.10.2021,
579,559,138.9,,139.9,,13.10.2021,,13.10.2021,
580,1470,,,147.9,,,,14.10.2021,
581,1476,,,145.9,,,,13.10.2021,
582,489,147.9,,149.9,,13.10.2021,,14.10.2021,
583,560,141.9,,142.9,165.9,17.10.2021,,13.10.2021,13.10.2021
584,1793,139.9,,142.9,,13.10.2021,,13.10.2021,
585,1764,139.9,141.9,145.9,,12.10.2021,13.10.2021,14.10.2021,
586,498,141.9,,,,18.10.2021,,,
587,1482,142.9,142.9,146.9,,13.10.2021,14.10.2021,14.10.2021,
588,482,141.9,,147.9,,13.10.2021,,13.10.2021,
589,481,136.7,,141.7,,18.10.2021,,18.10.2021,
590,8372,,,,,,,,
591,483,142.9,,145.9,165.9,13.10.2021,,13.10.2021,13.10.2021
592,499,,,140.8,,,,13.10.2021,
593,1481,136.9,,139.9,,13.10.2021,,13.10.2021,
594,488,139.9,,146.9,,12.10.2021,,12.10.2021,
595,1475,,,,,,,,
596,486,,,146.9,,,,13.10.2021,
597,1440,141.9,,143.9,,13.10.2021,,13.10.2021,
598,502,139.9,,,165.9,13.10.2021,,,13.10.2021
599,505,,,144.9,,,,13.10.2021,
600,503,,,,,,,,
601,17903,140.9,,138.9,,18.10.2021,,13.10.2021,
602,1468,,154.9,144.9,,,13.10.2021,13.10.2021,
603,1438,,141.9,,,,14.10.2021,,
604,479,,,145.9,,,,13.10.2021,
605,444,141.9,,,,13.10.2021,,,
606,1787,137.9,,143.9,,13.10.2021,,13.10.2021,
607,1469,142.9,,146.9,,13.10.2021,,14.10.2021,
608,1443,141.9,,143.9,,13.10.2021,,13.10.2021,
609,1195,139.9,,139.9,153.9,17.10.2021,,14.10.2021,13.10.2021
610,1196,139.9,,143.9,155.9,18.10.2021,,13.10.2021,12.10.2021
611,1786,139.9,,144.9,,13.10.2021,,14.10.2021,
612,447,144.9,,,,12.10.2021,,,
613,1773,,,140.8,,,,13.10.2021,
614,1190,,,145.9,,,,14.10.2021,
615,1774,139.9,,143.9,,13.10.2021,,14.10.2021,
616,442,,,,,,,,
617,13195,141.9,,139.9,,17.10.2021,,13.10.2021,
618,1636,138.9,145.9,140.9,,16.10.2021,16.10.2021,16.10.2021,
619,1790,137.9,,142.9,,13.10.2021,,13.10.2021,
620,1634,,,147.9,,,,13.10.2021,
621,1785,,,,,,,,
622,281,,,143.9,,,,13.10.2021,
623,282,139.9,,143.9,,13.10.2021,,13.10.2021,
624,1633,,,144.9,,,,13.10.2021,
625,450,,,,,,,,
626,1632,142.9,,145.9,,13.10.2021,,14.10.2021,
627,434,136.9,,142.9,,18.10.2021,,18.10.2021,
628,445,139.0,,137.9,,13.10.2021,,13.10.2021,
629,278,139.9,,144.9,,13.10.2021,,13.10.2021,
630,1631,,158.9,,,,12.10.2021,,
631,285,142.9,,144.9,,13.10.2021,,13.10.2021,
632,279,142.0,,145.9,,15.10.2021,,15.10.2021,
633,1850,138.9,,140.9,,13.10.2021,,13.10.2021,
634,435,,139.9,,,,13.10.2021,,
635,1622,,,,,,,,
636,1505,137.9,139.9,,,13.10.2021,14.10.2021,,
637,1197,142.9,,143.9,157.9,13.10.2021,,13.10.2021,13.10.2021
638,437,139.9,,141.9,,13.10.2021,,14.10.2021,
639,1600,,,144.9,165.9,,,14.10.2021,13.10.2021
640,1624,143.9,,146.9,,17.10.2021,,17.10.2021,
641,1500,138.9,,140.9,,13.10.2021,,13.10.2021,
642,1598,,,143.9,,,,13.10.2021,
643,1510,139.9,,143.9,,13.10.2021,,13.10.2021,
644,25188,136.7,,138.7,,16.10.2021,,13.10.2021,
645,1607,141.9,,144.9,,13.10.2021,,13.10.2021,
646,1784,141.9,155.9,141.9,153.9,13.10.2021,13.10.2021,14.10.2021,13.10.2021
647,15786,137.9,144.9,138.9,,13.10.2021,17.10.2021,13.10.2021,
648,1605,140.9,,145.9,,13.10.2021,,13.10.2021,
649,1619,142.9,155.9,,156.9,17.10.2021,13.10.2021,,13.10.2021
650,1618,142.9,141.9,144.9,,17.10.2021,13.10.2021,14.10.2021,
651,1613,141.9,,,,13.10.2021,,,
652,1591,135.9,142.9,136.9,,17.10.2021,14.10.2021,17.10.2021,
653,1852,139.9,,,,13.10.2021,,,
654,320,139.9,,,165.9,13.10.2021,,,13.10.2021
655,1567,141.9,,143.9,,13.10.2021,,13.10.2021,
656,277,141.9,,144.9,142.9,15.10.2021,,15.10.2021,10.10.2021
657,273,139.9,,143.9,,13.10.2021,,13.10.2021,
658,1620,140.9,151.9,145.9,152.9,16.10.2021,16.10.2021,16.10.2021,16.10.2021
659,467,141.9,155.9,143.9,,13.10.2021,13.10.2021,15.10.2021,
660,1609,138.9,,146.9,,13.10.2021,,13.10.2021,
661,468,142.9,156.9,144.9,,15.10.2021,13.10.2021,15.10.2021,
662,25037,133.9,140.9,134.9,,15.10.2021,15.10.2021,15.10.2021,
663,471,137.9,,141.9,,13.10.2021,,13.10.2021,
664,1621,,,143.9,,,,14.10.2021,
665,1511,138.9,,141.9,154.9,14.10.2021,,14.10.2021,13.10.2021
666,477,,,145.9,,,,13.10.2021,
667,1595,141.9,,144.9,,13.10.2021,,14.10.2021,
668,17911,133.9,140.9,134.9,,15.10.2021,13.10.2021,15.10.2021,
669,1584,142.9,,146.9,,16.10.2021,,16.10.2021,
670,1593,142.9,,145.9,165.9,13.10.2021,,14.10.2021,13.10.2021
671,25193,143.9,,148.9,,16.10.2021,,16.10.2021,
672,938,142.9,,144.9,158.9,13.10.2021,,13.10.2021,13.10.2021
673,936,140.9,,143.9,,13.10.2021,,13.10.2021,
674,939,142.9,,143.9,,13.10.2021,,13.10.2021,
675,935,,,,,,,,
676,2192,141.9,,147.9,165.9,13.10.2021,,14.10.2021,13.10.2021
677,17553,141.9,,147.9,,13.10.2021,,13.10.2021,
678,18318,,,,,,,,
679,1680,143.9,155.9,147.9,159.9,13.10.2021,13.10.2021,13.10.2021,13.10.2021
680,1669,138.9,,141.9,153.9,16.10.2021,,15.10.2021,13.10.2021
681,12515,134.9,140.9,136.9,,15.10.2021,14.10.2021,15.10.2021,
682,1671,135.7,,136.7,,15.10.2021,,15.10.2021,
683,1678,142.9,,143.9,,13.10.2021,,13.10.2021,
684,1676,142.9,,143.9,157.9,13.10.2021,,13.10.2021,13.10.2021
685,3348,139.9,,,,13.10.2021,,,
686,3436,142.9,156.9,143.9,156.9,17.10.2021,13.10.2021,17.10.2021,13.10.2021
687,8143,147.9,,147.9,162.9,15.10.2021,,15.10.2021,13.10.2021
688,7297,144.9,,147.9,,13.10.2021,,13.10.2021,
689,4771,142.9,,144.9,156.9,13.10.2021,,14.10.2021,13.10.2021
690,1811,,,143.9,,,,14.10.2021,
691,8959,136.9,143.9,138.9,,16.10.2021,16.10.2021,16.10.2021,
692,3920,139.9,,144.9,,16.10.2021,,13.10.2021,
693,8738,138.9,,139.9,,14.10.2021,,13.10.2021,
694,17999,,,,,,,,
695,5191,139.9,,143.9,155.9,13.10.2021,,14.10.2021,13.10.2021
696,3915,,,,,,,,
697,8958,135.9,142.9,140.9,,13.10.2021,12.10.2021,15.10.2021,
698,1932,144.9,,148.9,,13.10.2021,,13.10.2021,
699,6848,,,144.9,,,,13.10.2021,
700,4677,141.9,159.9,144.9,165.9,14.10.2021,14.10.2021,14.10.2021,14.10.2021
701,7682,136.9,155.9,142.9,,17.10.2021,17.10.2021,17.10.2021,
702,5872,139.9,,143.9,,18.10.2021,,13.10.2021,
703,12608,140.9,147.9,143.9,,16.10.2021,17.10.2021,16.10.2021,
704,4698,141.9,,144.9,157.9,13.10.2021,,13.10.2021,13.10.2021
705,8739,136.9,144.9,139.9,,13.10.2021,14.10.2021,13.10.2021,
706,656,141.9,,142.9,,13.10.2021,,13.10.2021,
707,6996,,,147.9,,,,13.10.2021,
708,6849,,,145.9,165.9,,,13.10.2021,13.10.2021
709,7298,142.9,,,162.9,14.10.2021,,,13.10.2021
710,7679,,,148.9,,,,13.10.2021,
711,11661,143.9,,144.9,156.9,13.10.2021,,13.10.2021,13.10.2021
712,3435,138.9,145.9,141.9,,17.10.2021,17.10.2021,17.10.2021,
713,5357,145.9,,147.9,160.9,13.10.2021,,13.10.2021,13.10.2021
714,3437,142.9,,143.9,,13.10.2021,,13.10.2021,
715,1817,141.9,,143.9,157.9,13.10.2021,,13.10.2021,13.10.2021
716,5079,151.9,165.9,155.9,167.9,18.10.2021,13.10.2021,18.10.2021,13.10.2021
717,1816,139.9,153.9,142.9,154.9,13.10.2021,12.10.2021,14.10.2021,13.10.2021
718,3439,144.9,,148.9,155.9,17.10.2021,,17.10.2021,15.10.2021
719,6633,136.9,,142.9,,13.10.2021,,13.10.2021,
720,25080,141.9,145.9,141.9,,18.10.2021,13.10.2021,13.10.2021,
721,921,142.9,156.9,145.9,157.9,13.10.2021,13.10.2021,14.10.2021,13.10.2021
722,918,,,143.9,,,,13.10.2021,
723,25563,136.7,,139.7,,13.10.2021,,13.10.2021,
724,7300,144.9,,,,13.10.2021,,,
725,8741,139.9,143.9,138.9,,17.10.2021,13.10.2021,13.10.2021,
726,556,139.9,,142.9,,13.10.2021,,13.10.2021,
727,557,141.9,,143.9,,13.10.2021,,14.10.2021,
728,1768,142.9,153.9,144.9,,13.10.2021,16.10.2021,13.10.2021,
729,991,,,,,,,,
730,1770,,,,,,,,
731,1771,,,145.9,,,,14.10.2021,
732,8592,142.9,,145.9,,13.10.2021,,13.10.2021,
733,989,141.9,,143.9,,13.10.2021,,13.10.2021,
734,917,,153.9,143.9,,,09.10.2021,13.10.2021,
735,916,,,142.9,,,,14.10.2021,
736,995,,,143.9,,,,14.10.2021,
737,993,143.9,,147.9,,12.10.2021,,13.10.2021,
738,992,137.0,,138.9,,13.10.2021,,13.10.2021,
739,915,139.9,,139.9,151.9,16.10.2021,,16.10.2021,14.10.2021
740,1777,139.9,,143.9,157.9,13.10.2021,,13.10.2021,13.10.2021
741,1781,138.9,,143.9,155.9,13.10.2021,,14.10.2021,14.10.2021
742,1780,135.9,,134.9,,13.10.2021,,13.10.2021,
743,912,137.9,,139.9,,13.10.2021,,13.10.2021,
744,1776,135.9,136.9,133.9,,16.10.2021,16.10.2021,16.10.2021,
745,988,,,,,,,,
746,1775,140.9,,141.9,,18.10.2021,,18.10.2021,
747,25209,135.9,,135.9,,13.10.2021,,13.10.2021,
748,987,141.9,,143.9,,13.10.2021,,13.10.2021,
749,5080,,139.9,141.9,,,13.10.2021,14.10.2021,
750,25517,139.9,,141.9,,18.10.2021,,18.10.2021,
751,1199,,,151.9,,,,13.10.2021,
752,931,,,140.8,,,,13.10.2021,
753,25036,135.9,,138.9,,13.10.2021,,13.10.2021,
754,1625,141.9,154.9,143.9,156.9,13.10.2021,13.10.2021,13.10.2021,13.10.2021
755,13479,,,,,,,,
756,8247,141.9,,143.9,156.9,14.10.2021,,14.10.2021,13.10.2021
757,933,,,142.9,,,,14.10.2021,
758,4966,140.9,,,,17.10.2021,,,
759,8616,142.9,,146.9,,13.10.2021,,13.10.2021,
760,9847,144.9,,149.9,,13.10.2021,,13.10.2021,
761,13477,137.7,,140.8,,17.10.2021,,13.10.2021,
762,7605,136.8,139.8,139.8,,13.10.2021,11.10.2021,13.10.2021,
763,18316,139.9,,143.9,,18.10.2021,,18.10.2021,
764,3643,141.9,155.9,142.9,,16.10.2021,13.10.2021,13.10.2021,
765,4965,139.9,153.9,142.9,154.9,13.10.2021,13.10.2021,12.10.2021,13.10.2021
766,2195,139.9,,142.9,156.9,13.10.2021,,14.10.2021,12.10.2021
767,8836,138.9,143.9,140.9,,15.10.2021,12.10.2021,15.10.2021,
768,6918,139.9,,144.9,,13.10.2021,,14.10.2021,
769,8840,136.9,143.9,140.9,,17.10.2021,13.10.2021,16.10.2021,
770,6919,139.9,,144.9,,13.10.2021,,15.10.2021,
771,8841,138.9,,140.9,,15.10.2021,,15.10.2021,
772,12456,138.9,,143.9,,13.10.2021,,13.10.2021,
773,6158,,139.9,145.9,,,14.10.2021,14.10.2021,
774,8248,136.8,,140.8,,11.10.2021,,13.10.2021,
775,25425,,,,,,,,
776,6155,142.9,156.9,145.9,157.9,13.10.2021,13.10.2021,14.10.2021,13.10.2021
777,2191,140.9,154.9,143.9,154.9,13.10.2021,13.10.2021,14.10.2021,13.10.2021
